{"rgi_id": "RGI60-11.03241", "t_star": 1974, "bias": -641.4895210545544, "mu_star_glacierwide": 40.0534113493254, "mu_star_per_flowline": [40.05341134932538], "mu_star_flowline_avg": 40.05341134932538, "mu_star_allsame": true}