{"rgi_id": "RGI60-11.03241", "t_star": 1993, "bias": 195.82362243652335, "mu_star": 87.12796910580307}